а¶ља·ЉвЂЌа¶»а·’а¶єа·Џа¶ља·Џа¶»а¶ља¶ё 01,https://youtu.be/DOEkQqvJWrk
а¶ља·ЉвЂЌа¶»а·’а¶єа·Џа¶ља·Џа¶»а¶ља¶ё 02,https://youtu.be/j1jf4Y2KKc8
а¶ља·ЉвЂЌа¶»а·’а¶єа·Џа¶ља·Џа¶»а¶ља¶ё 03,https://youtu.be/6EIKiqkWvH8
а¶ља·ЉвЂЌа¶»а·’а¶єа·Џа¶ља·Џа¶»а¶ља¶ё 04,https://youtu.be/7tFOUZaegAo
а¶ља·ЉвЂЌа¶»а·’а¶єа·Џа¶ља·Џа¶»а¶ља¶ё 05,https://youtu.be/u4s5gk8zhVI
а¶ља·ЉвЂЌа¶»а·’а¶єа·Џа¶ља·Џа¶»а¶ља¶ё 06,https://youtu.be/pjpSSitIDoE
а¶ља·ЉвЂЌа¶»а·’а¶єа·Џа¶ља·Џа¶»а¶ља¶ё 07,https://youtu.be/Pk8Jlj5mdXc
а¶ља·ЉвЂЌа¶»а·’а¶єа·Џа¶ља·Џа¶»а¶ља¶ё 08,https://youtu.be/na6dPvSgXTY
а¶ља·ЉвЂЌа¶»а·’а¶єа·Џа¶ља·Џа¶»а¶ља¶ё 09,https://youtu.be/aiol9Z1E5SQ
а¶ља·ЉвЂЌа¶»а·’а¶єа·Џа¶ља·Џа¶»а¶ља¶ё 10,https://youtu.be/pMLUhMCtUHY
а¶ља·ЉвЂЌа¶»а·’а¶єа·Џа¶ља·Џа¶»а¶ља¶ё 11,https://youtu.be/QSySKtKjgMA
а¶ља·ЉвЂЌа¶»а·’а¶єа·Џа¶ља·Џа¶»а¶ља¶ё 12,https://youtu.be/utT69uEhH10
а¶ља·ЉвЂЌа¶»а·’а¶єа·Џа¶ља·Џа¶»а¶ља¶ё 13,https://youtu.be/GWOZ9qD2LFE
а¶ља·ЉвЂЌа¶»а·’а¶єа·Џа¶ља·Џа¶»а¶ља¶ё 14,https://youtu.be/ZUDGOiaWkkM
а¶ља·ЉвЂЌа¶»а·’а¶єа·Џа¶ља·Џа¶»а¶ља¶ё 15,https://youtu.be/QLN9Vr1iBXw
а¶ља·ЉвЂЌа¶»а·’а¶єа·Џа¶ља·Џа¶»а¶ља¶ё 16,https://youtu.be/SA4Xtd31xmo
а¶ља·ЉвЂЌа¶»а·’а¶єа·Џа¶ља·Џа¶»а¶ља¶ё 17,https://youtu.be/KW6Uf0f3Tyg
а¶ља·ЉвЂЌа¶»а·’а¶єа·Џа¶ља·Џа¶»а¶ља¶ё 18,https://youtu.be/tMR2SU-Wv5c
а¶ља·ЉвЂЌа¶»а·’а¶єа·Џа¶ља·Џа¶»а¶ља¶ё 19,https://youtu.be/YlsfNME2qD4
а¶ља·ЉвЂЌа¶»а·’а¶єа·Џа¶ља·Џа¶»а¶ља¶ё 20,https://youtu.be/jkAabzgyORY